Date,Actual_Close,Predicted_Close,prev_actual_close,Adjusted_Predicted_Close,Signal
2021-08-12 00:00:00,941.045,1012.94,,1087.028,
2021-08-13 00:00:00,932.818,1008.745,941.045,1082.833,1.0
2021-08-16 00:00:00,949.868,1009.901,932.818,1083.99,1.0
2021-08-17 00:00:00,956.857,1011.307,949.868,1085.396,1.0
2021-08-18 00:00:00,964.19,1008.942,956.857,1083.03,1.0
2021-08-20 00:00:00,978.169,1007.086,964.19,1081.174,1.0
2021-08-23 00:00:00,957.453,1000.743,978.169,1074.832,1.0
2021-08-24 00:00:00,951.999,997.712,957.453,1071.8,1.0
2021-08-25 00:00:00,956.995,1002.917,951.999,1077.006,1.0
2021-08-26 00:00:00,970.401,1004.601,956.995,1078.689,1.0
2021-08-27 00:00:00,967.284,1008.845,970.401,1082.933,1.0
2021-08-30 00:00:00,983.394,1010.064,967.284,1084.152,1.0
2021-08-31 00:00:00,996.158,1011.338,983.394,1085.427,1.0
2021-09-01 00:00:00,991.919,1012.438,996.158,1086.526,1.0
2021-09-02 00:00:00,995.769,1013.738,991.919,1087.826,1.0
2021-09-03 00:00:00,984.586,1016.435,995.769,1090.523,1.0
2021-09-06 00:00:00,991.048,1028.397,984.586,1102.486,1.0
2021-09-07 00:00:00,1000.833,1039.756,991.048,1113.844,1.0
2021-09-08 00:00:00,1009.495,1045.447,1000.833,1119.535,1.0
2021-09-09 00:00:00,1022.259,1049.008,1009.495,1123.097,1.0
2021-09-13 00:00:00,1020.862,1048.638,1022.259,1122.726,1.0
2021-09-14 00:00:00,1040.5,1051.803,1020.862,1125.891,1.0
2021-09-15 00:00:00,1034.955,1052.056,1040.5,1126.144,1.0
2021-09-16 00:00:00,1039.057,1047.609,1034.955,1121.697,1.0
2021-09-17 00:00:00,1051.569,1051.87,1039.057,1125.958,1.0
2021-09-20 00:00:00,1094.697,1060.766,1051.569,1134.854,1.0
2021-09-21 00:00:00,1111.701,1055.004,1094.697,1129.092,1.0
2021-09-22 00:00:00,1118.713,1045.275,1111.701,1119.363,1.0
2021-09-23 00:00:00,1114.336,1044.792,1118.713,1118.88,1.0
2021-09-24 00:00:00,1111.701,1049.217,1114.336,1123.306,1.0
2021-09-27 00:00:00,1086.928,1052.642,1111.701,1126.731,1.0
2021-09-28 00:00:00,1085.508,1055.195,1086.928,1129.283,1.0
2021-09-29 00:00:00,1090.022,1061.094,1085.508,1135.183,1.0
2021-09-30 00:00:00,1112.892,1061.31,1090.022,1135.398,1.0
2021-10-01 00:00:00,1095.636,1062.514,1112.892,1136.602,1.0
2021-10-04 00:00:00,1097.378,1053.221,1095.636,1127.309,1.0
2021-10-05 00:00:00,1102.122,1056.547,1097.378,1130.635,1.0
2021-10-06 00:00:00,1113.946,1061.442,1102.122,1135.53,1.0
2021-10-07 00:00:00,1141.171,1059.522,1113.946,1133.61,1.0
2021-10-08 00:00:00,1137.871,1055.496,1141.171,1129.584,0.0
2021-10-11 00:00:00,1157.005,1058.697,1137.871,1132.785,0.0
2021-10-12 00:00:00,1167.822,1057.585,1157.005,1131.674,0.0
2021-10-13 00:00:00,1158.564,1054.747,1167.822,1128.835,0.0
2021-10-14 00:00:00,1154.622,1058.208,1158.564,1132.297,0.0
2021-10-18 00:00:00,1156.662,1059.452,1154.622,1133.54,0.0
2021-10-19 00:00:00,1171.534,1063.646,1156.662,1137.734,0.0
2021-10-20 00:00:00,1195.848,1065.168,1171.534,1139.256,0.0
2021-10-21 00:00:00,1173.23,1065.578,1195.848,1139.666,0.0
2021-10-22 00:00:00,1178.982,1066.987,1173.23,1141.075,0.0
2021-10-25 00:00:00,1224.287,1070.973,1178.982,1145.061,0.0
2021-10-26 00:00:00,1215.762,1069.35,1224.287,1143.438,-1.0
2021-10-27 00:00:00,1222.706,1071.758,1215.762,1145.846,-1.0
2021-10-28 00:00:00,1235.149,1073.504,1222.706,1147.593,-1.0
2021-10-29 00:00:00,1237.647,1070.108,1235.149,1144.197,-1.0
2021-11-01 00:00:00,1240.947,1069.28,1237.647,1143.368,-1.0
2021-11-02 00:00:00,1252.061,1070.923,1240.947,1145.012,-1.0
2021-11-03 00:00:00,1237.647,1069.551,1252.061,1143.64,-1.0
2021-11-04 00:00:00,1201.944,1069.228,1237.647,1143.316,-1.0
2021-11-08 00:00:00,1204.189,1063.995,1201.944,1138.084,-1.0
2021-11-09 00:00:00,1192.456,1069.176,1204.189,1143.265,-1.0
2021-11-10 00:00:00,1219.612,1071.376,1192.456,1145.465,0.0
2021-11-11 00:00:00,1204.189,1074.023,1219.612,1148.111,-1.0
2021-11-12 00:00:00,1190.99,1077.344,1204.189,1151.433,0.0
2021-11-15 00:00:00,1162.414,1080.219,1190.99,1154.307,0.0
2021-11-16 00:00:00,1163.124,1076.026,1162.414,1150.115,0.0
2021-11-17 00:00:00,1146.166,1069.062,1163.124,1143.15,0.0
2021-11-18 00:00:00,1138.283,1064.566,1146.166,1138.654,0.0
2021-11-22 00:00:00,1145.272,1063.185,1138.283,1137.273,0.0
2021-11-23 00:00:00,1146.693,1070.162,1145.272,1144.251,0.0
2021-11-24 00:00:00,1155.745,1074.216,1146.693,1148.304,1.0
2021-11-25 00:00:00,1168.67,1073.465,1155.745,1147.553,0.0
2021-11-26 00:00:00,1170.801,1092.276,1168.67,1166.364,0.0
2021-11-29 00:00:00,1188.469,1093.078,1170.801,1167.166,0.0
2021-11-30 00:00:00,1181.457,1098.173,1188.469,1172.262,0.0
2021-12-01 00:00:00,1154.004,1107.854,1181.457,1181.942,1.0
2021-12-02 00:00:00,1129.3,1110.489,1154.004,1184.577,1.0
2021-12-03 00:00:00,1133.562,1113.77,1129.3,1187.858,1.0
2021-12-06 00:00:00,1083.354,1111.285,1133.562,1185.373,1.0
2021-12-07 00:00:00,1093.482,1098.42,1083.354,1172.508,1.0
2021-12-08 00:00:00,1077.693,1091.215,1093.482,1165.304,1.0
2021-12-09 00:00:00,1142.568,1088.537,1077.693,1162.626,1.0
2021-12-10 00:00:00,1105.742,1076.477,1142.568,1150.565,1.0
2021-12-13 00:00:00,1118.988,1074.828,1105.742,1148.917,1.0
2021-12-14 00:00:00,1102.443,1062.9,1118.988,1136.989,1.0
2021-12-15 00:00:00,1130.675,1048.66,1102.443,1122.748,1.0
2021-12-16 00:00:00,1137.939,1046.5,1130.675,1120.588,0.0
2021-12-17 00:00:00,1103.749,1046.703,1137.939,1120.791,0.0
2021-12-20 00:00:00,1082.826,1044.937,1103.749,1119.025,1.0
2021-12-21 00:00:00,1091.649,1045.606,1082.826,1119.694,1.0
2021-12-22 00:00:00,1108.263,1047.857,1091.649,1121.945,1.0
2021-12-23 00:00:00,1125.84,1054.604,1108.263,1128.693,1.0
2021-12-24 00:00:00,1126.986,1052.829,1125.84,1126.917,1.0
2021-12-27 00:00:00,1104.39,1052.326,1126.986,1126.414,0.0
2021-12-28 00:00:00,1090.87,1049.394,1104.39,1123.482,1.0
2021-12-29 00:00:00,1087.685,1049.01,1090.87,1123.098,1.0
2021-12-30 00:00:00,1101.755,1052.354,1087.685,1126.443,1.0
2021-12-31 00:00:00,1072.675,1057.263,1101.755,1131.352,1.0
2022-01-03 00:00:00,1043.755,1053.873,1072.675,1127.961,1.0
2022-01-04 00:00:00,1059.292,1055.174,1043.755,1129.262,1.0
2022-01-05 00:00:00,1084.431,1055.304,1059.292,1129.392,1.0
2022-01-06 00:00:00,1084.041,1051.575,1084.431,1125.664,1.0
2022-01-07 00:00:00,1087.501,1050.608,1084.041,1124.696,1.0
2022-01-10 00:00:00,1086.333,1052.759,1087.501,1126.847,1.0
2022-01-11 00:00:00,1099.234,1055.666,1086.333,1129.754,1.0
2022-01-12 00:00:00,1101.113,1061.699,1099.234,1135.787,1.0
2022-01-13 00:00:00,1081.222,1064.214,1101.113,1138.303,1.0
2022-01-14 00:00:00,1085.37,1058.864,1081.222,1132.952,1.0
2022-01-17 00:00:00,1101.732,1063.477,1085.37,1137.565,1.0
2022-01-18 00:00:00,1126.596,1066.953,1101.732,1141.042,1.0
2022-01-19 00:00:00,1131.867,1064.928,1126.596,1139.017,1.0
2022-01-20 00:00:00,1107.53,1064.681,1131.867,1138.77,1.0
2022-01-21 00:00:00,1116.467,1064.758,1107.53,1138.846,1.0
2022-01-24 00:00:00,1117.384,1065.092,1116.467,1139.18,1.0
2022-01-25 00:00:00,1125.427,1064.452,1117.384,1138.54,1.0
2022-01-27 00:00:00,1155.47,1068.805,1125.427,1142.894,1.0
2022-01-28 00:00:00,1161.978,1071.677,1155.47,1145.765,0.0
2022-01-31 00:00:00,1163.674,1072.08,1161.978,1146.168,0.0
2022-02-01 00:00:00,1169.747,1069.763,1163.674,1143.851,0.0
2022-02-02 00:00:00,1155.791,1069.39,1169.747,1143.479,0.0
2022-02-03 00:00:00,1155.699,1068.608,1155.791,1142.696,0.0
2022-02-04 00:00:00,1135.464,1064.557,1155.699,1138.645,0.0
2022-02-07 00:00:00,1135.648,1060.465,1135.464,1134.553,0.0
2022-02-08 00:00:00,1089.839,1057.61,1135.648,1131.699,0.0
2022-02-09 00:00:00,1087.708,1054.106,1089.839,1128.194,1.0
2022-02-10 00:00:00,1071.598,1051.267,1087.708,1125.355,1.0
2022-02-11 00:00:00,1070.566,1049.731,1071.598,1123.819,1.0
2022-02-14 00:00:00,1093.826,1051.417,1070.566,1125.506,1.0
2022-02-15 00:00:00,1090.205,1051.179,1093.826,1125.267,1.0
2022-02-16 00:00:00,1092.428,1058.442,1090.205,1132.53,1.0
2022-02-17 00:00:00,1078.312,1060.382,1092.428,1134.47,1.0
2022-02-18 00:00:00,1068.481,1061.945,1078.312,1136.033,1.0
2022-02-21 00:00:00,1061.973,1057.869,1068.481,1131.957,1.0
2022-02-22 00:00:00,1079.824,1053.186,1061.973,1127.275,1.0
2022-02-23 00:00:00,1092.405,1051.393,1079.824,1125.481,1.0
2022-02-24 00:00:00,1091.282,1046.207,1092.405,1120.295,1.0
2022-02-25 00:00:00,1089.151,1044.239,1091.282,1118.327,1.0
2022-02-28 00:00:00,1071.804,1043.553,1089.151,1117.641,1.0
2022-03-02 00:00:00,1108.194,1054.402,1071.804,1128.491,1.0
2022-03-03 00:00:00,1105.903,1062.239,1108.194,1136.328,1.0
2022-03-04 00:00:00,1119.904,1062.072,1105.903,1136.161,1.0
2022-03-07 00:00:00,1111.151,1056.644,1119.904,1130.732,1.0
2022-03-08 00:00:00,1099.922,1053.877,1111.151,1127.966,1.0
2022-03-09 00:00:00,1094.926,1058.184,1099.922,1132.272,1.0
2022-03-10 00:00:00,1088.074,1067.941,1094.926,1142.029,1.0
2022-03-11 00:00:00,1033.855,1076.499,1088.074,1150.588,1.0
2022-03-14 00:00:00,1046.78,1074.089,1033.855,1148.178,1.0
2022-03-15 00:00:00,1081.428,1072.293,1046.78,1146.381,1.0
2022-03-16 00:00:00,1099.303,1063.82,1081.428,1137.909,1.0
2022-03-17 00:00:00,1090.022,1059.507,1099.303,1133.595,1.0
2022-03-21 00:00:00,1065.846,1065.116,1090.022,1139.205,1.0
2022-03-22 00:00:00,1026.43,1067.476,1065.846,1141.564,1.0
2022-03-23 00:00:00,1024.574,1072.199,1026.43,1146.287,1.0
2022-03-24 00:00:00,1078.931,1072.782,1024.574,1146.87,1.0
2022-03-25 00:00:00,1096.416,1071.711,1078.931,1145.8,1.0
2022-03-28 00:00:00,1099.578,1071.182,1096.416,1145.27,1.0
2022-03-29 00:00:00,1108.607,1072.31,1099.578,1146.398,1.0
2022-03-30 00:00:00,1083.216,1074.784,1108.607,1148.872,1.0
2022-03-31 00:00:00,1101.503,1077.707,1083.216,1151.795,1.0
2022-04-01 00:00:00,1137.412,1079.972,1101.503,1154.06,1.0
2022-04-04 00:00:00,1130.858,1076.802,1137.412,1150.89,1.0
2022-04-05 00:00:00,1160.076,1078.579,1130.858,1152.668,1.0
2022-04-06 00:00:00,1163.766,1075.37,1160.076,1149.458,0.0
2022-04-07 00:00:00,1181.846,1075.111,1163.766,1149.2,0.0
2022-04-08 00:00:00,1189.729,1075.368,1181.846,1149.456,0.0
2022-04-11 00:00:00,1201.692,1077.618,1189.729,1151.707,0.0
2022-04-12 00:00:00,1201.967,1077.714,1201.692,1151.802,0.0
2022-04-13 00:00:00,1225.066,1076.18,1201.967,1150.268,0.0
2022-04-18 00:00:00,1207.558,1069.042,1225.066,1143.131,-1.0
2022-04-19 00:00:00,1217.229,1067.235,1207.558,1141.323,-1.0
2022-04-20 00:00:00,1220.827,1081.069,1217.229,1155.157,-1.0
2022-04-21 00:00:00,1203.571,1093.814,1220.827,1167.902,0.0
2022-04-22 00:00:00,1200.363,1100.62,1203.571,1174.709,0.0
2022-04-25 00:00:00,1179.188,1103.675,1200.363,1177.764,0.0
2022-04-26 00:00:00,1198.804,1102.863,1179.188,1176.952,0.0
2022-04-27 00:00:00,1196.307,1107.535,1198.804,1181.623,0.0
2022-04-28 00:00:00,1173.78,1116.926,1196.307,1191.014,0.0
2022-04-29 00:00:00,1169.472,1126.862,1173.78,1200.951,1.0
2022-05-02 00:00:00,1165.897,1131.556,1169.472,1205.644,1.0
2022-05-04 00:00:00,1210.331,1134.152,1165.897,1208.24,1.0
2022-05-05 00:00:00,1245.92,1125.753,1210.331,1199.841,0.0
2022-05-06 00:00:00,1275.092,1117.602,1245.92,1191.691,0.0
2022-05-09 00:00:00,1264.413,1115.921,1275.092,1190.009,-1.0
2022-05-10 00:00:00,1235.172,1113.487,1264.413,1187.575,-1.0
2022-05-11 00:00:00,1272.135,1114.344,1235.172,1188.433,0.0
2022-05-12 00:00:00,1273.373,1114.468,1272.135,1188.556,-1.0
2022-05-13 00:00:00,1292.393,1111.655,1273.373,1185.743,-1.0
2022-05-16 00:00:00,1278.827,1105.481,1292.393,1179.569,-1.0
2022-05-17 00:00:00,1274.335,1098.78,1278.827,1172.869,-1.0
2022-05-18 00:00:00,1234.553,1100.588,1274.335,1174.677,-1.0
2022-05-19 00:00:00,1210.377,1097.893,1234.553,1171.981,-1.0
2022-05-20 00:00:00,1201.096,1094.497,1210.377,1168.585,0.0
2022-05-23 00:00:00,1154.187,1098.08,1201.096,1172.169,0.0
2022-05-24 00:00:00,1134.181,1099.161,1154.187,1173.25,1.0
2022-05-25 00:00:00,1122.563,1099.393,1134.181,1173.482,1.0
2022-05-26 00:00:00,1099.693,1100.817,1122.563,1174.905,1.0
2022-05-27 00:00:00,1112.159,1099.834,1099.693,1173.923,1.0
2022-05-30 00:00:00,1112.434,1097.775,1112.159,1171.863,1.0
2022-05-31 00:00:00,1159.159,1101.5,1112.434,1175.589,1.0
2022-06-01 00:00:00,1163.376,1125.443,1159.159,1199.532,1.0
2022-06-02 00:00:00,1136.564,1124.322,1163.376,1198.41,1.0
2022-06-03 00:00:00,1202.838,1132.098,1136.564,1206.186,1.0
2022-06-06 00:00:00,1194.794,1133.931,1202.838,1208.02,1.0
2022-06-07 00:00:00,1198.896,1131.91,1194.794,1205.999,1.0
2022-06-08 00:00:00,1197.131,1131.963,1198.896,1206.051,1.0
2022-06-09 00:00:00,1185.719,1129.105,1197.131,1203.194,1.0
2022-06-10 00:00:00,1180.219,1132.083,1185.719,1206.171,1.0
2022-06-13 00:00:00,1221.331,1131.734,1180.219,1205.823,1.0
2022-06-14 00:00:00,1206.596,1131.982,1221.331,1206.07,0.0
2022-06-15 00:00:00,1206.985,1105.993,1206.596,1180.081,0.0
2022-06-16 00:00:00,1248.601,1108.432,1206.985,1182.52,0.0
2022-06-17 00:00:00,1273.9,1104.057,1248.601,1178.145,-1.0
2022-06-20 00:00:00,1268.423,1105.751,1273.9,1179.839,-1.0
2022-06-21 00:00:00,1270.806,1104.212,1268.423,1178.3,-1.0
2022-06-22 00:00:00,1248.486,1103.067,1270.806,1177.155,-1.0
2022-06-23 00:00:00,1282.723,1097.965,1248.486,1172.053,-1.0
2022-06-24 00:00:00,1243.995,1094.491,1282.723,1168.579,-1.0
2022-06-27 00:00:00,1220.46,1092.298,1243.995,1166.387,-1.0
2022-06-28 00:00:00,1204.51,1090.109,1220.46,1164.197,0.0
2022-06-29 00:00:00,1189.936,1090.646,1204.51,1164.735,0.0
2022-06-30 00:00:00,1173.299,1097.302,1189.936,1171.39,0.0
2022-07-01 00:00:00,1187.048,1104.245,1173.299,1178.333,1.0
2022-07-04 00:00:00,1165.53,1118.864,1187.048,1192.952,1.0
2022-07-05 00:00:00,1184.344,1136.282,1165.53,1210.37,1.0
2022-07-06 00:00:00,1148.366,1145.957,1184.344,1220.045,1.0
2022-07-07 00:00:00,1129.735,1155.369,1148.366,1229.458,1.0
2022-07-08 00:00:00,1145.823,1155.484,1129.735,1229.572,1.0
2022-07-11 00:00:00,1142.431,1156.228,1145.823,1230.316,1.0
2022-07-12 00:00:00,1158.495,1155.02,1142.431,1229.108,1.0
2022-07-13 00:00:00,1182.534,1151.486,1158.495,1225.575,1.0
2022-07-14 00:00:00,1189.638,1140.323,1182.534,1214.411,1.0
2022-07-15 00:00:00,1103.955,1131.384,1189.638,1205.473,1.0
2022-07-18 00:00:00,1106.247,1092.664,1103.955,1166.752,1.0
2022-07-19 00:00:00,1115.207,1079.244,1106.247,1153.333,1.0
2022-07-20 00:00:00,1105.399,1079.484,1115.207,1153.573,1.0
2022-07-21 00:00:00,1094.514,1081.984,1105.399,1156.072,1.0
2022-07-22 00:00:00,1096.026,1082.291,1094.514,1156.379,1.0
2022-07-25 00:00:00,1110.921,1080.724,1096.026,1154.813,1.0
2022-07-26 00:00:00,1109.34,1079.005,1110.921,1153.094,1.0
2022-07-27 00:00:00,1089.678,1078.354,1109.34,1152.442,1.0
2022-07-28 00:00:00,1098.661,1077.059,1089.678,1151.147,1.0
2022-07-29 00:00:00,1100.792,1076.817,1098.661,1150.906,1.0
2022-08-01 00:00:00,1110.165,1083.546,1100.792,1157.635,1.0
2022-08-02 00:00:00,1116.971,1086.408,1110.165,1160.497,1.0
2022-08-03 00:00:00,1147.174,1085.732,1116.971,1159.82,1.0
2022-08-04 00:00:00,1139.521,1078.93,1147.174,1153.018,1.0
2022-08-05 00:00:00,1147.22,1074.859,1139.521,1148.947,1.0
2022-08-08 00:00:00,1109.317,1073.536,1147.22,1147.624,1.0
2022-08-10 00:00:00,1109.821,1072.341,1109.317,1146.429,1.0
2022-08-11 00:00:00,1108.767,1075.889,1109.821,1149.977,1.0
2022-08-12 00:00:00,1126.138,1078.096,1108.767,1152.184,1.0
2022-08-16 00:00:00,1150.131,1079.825,1126.138,1153.913,1.0
2022-08-17 00:00:00,1180.105,1076.226,1150.131,1150.314,1.0
2022-08-18 00:00:00,1184.596,1071.944,1180.105,1146.032,0.0
2022-08-19 00:00:00,1194.542,1069.137,1184.596,1143.225,0.0
2022-08-22 00:00:00,1178.753,1064.743,1194.542,1138.831,0.0
2022-08-23 00:00:00,1161.382,1062.132,1178.753,1136.22,0.0
2022-08-24 00:00:00,1176.576,1064.621,1161.382,1138.71,0.0
2022-08-25 00:00:00,1183.611,1066.561,1176.576,1140.649,0.0
2022-08-26 00:00:00,1187.552,1064.636,1183.611,1138.724,0.0
2022-08-29 00:00:00,1206.756,1063.896,1187.552,1137.984,0.0
2022-08-30 00:00:00,1215.143,1064.356,1206.756,1138.444,-1.0
2022-09-01 00:00:00,1221.491,1073.04,1215.143,1147.128,-1.0
2022-09-02 00:00:00,1219.727,1074.436,1221.491,1148.524,-1.0
2022-09-05 00:00:00,1197.979,1075.184,1219.727,1149.273,-1.0
2022-09-06 00:00:00,1194.656,1081.874,1197.979,1155.962,0.0
2022-09-07 00:00:00,1213.081,1088.229,1194.656,1162.317,0.0
2022-09-08 00:00:00,1209.85,1087.714,1213.081,1161.802,0.0
2022-09-09 00:00:00,1206.321,1084.654,1209.85,1158.742,0.0
2022-09-12 00:00:00,1199.881,1080.621,1206.321,1154.709,0.0
2022-09-13 00:00:00,1190.554,1079.192,1199.881,1153.28,0.0
2022-09-14 00:00:00,1209.025,1075.117,1190.554,1149.206,0.0
2022-09-15 00:00:00,1173.482,1067.073,1209.025,1141.161,-1.0
2022-09-16 00:00:00,1159.778,1060.806,1173.482,1134.894,0.0
2022-09-19 00:00:00,1177.79,1059.854,1159.778,1133.942,0.0
2022-09-20 00:00:00,1190.188,1057.871,1177.79,1131.96,0.0
2022-09-21 00:00:00,1183.267,1056.511,1190.188,1130.599,-1.0
2022-09-22 00:00:00,1184.94,1057.737,1183.267,1131.825,0.0
2022-09-23 00:00:00,1177.561,1057.475,1184.94,1131.563,0.0
2022-09-26 00:00:00,1190.738,1054.572,1177.561,1128.66,0.0
2022-09-27 00:00:00,1200.683,1055.037,1190.738,1129.125,-1.0
2022-09-28 00:00:00,1186.292,1056.489,1200.683,1130.578,-1.0
2022-09-29 00:00:00,1174.536,1058.427,1186.292,1132.516,0.0
2022-09-30 00:00:00,1145.433,1058.446,1174.536,1132.534,0.0
2022-10-03 00:00:00,1146.922,1059.646,1145.433,1133.735,0.0
2022-10-04 00:00:00,1147.106,1061.916,1146.922,1136.004,0.0
2022-10-06 00:00:00,1150.268,1062.447,1147.106,1136.535,0.0
2022-10-07 00:00:00,1139.429,1064.464,1150.268,1138.553,0.0
2022-10-10 00:00:00,1118.071,1064.293,1139.429,1138.381,0.0
2022-10-11 00:00:00,1089.587,1060.313,1118.071,1134.402,1.0
2022-10-12 00:00:00,1098.249,1052.261,1089.587,1126.35,1.0
2022-10-13 00:00:00,1069.008,1047.948,1098.249,1122.036,1.0
2022-10-14 00:00:00,1065.731,1044.215,1069.008,1118.303,1.0
2022-10-17 00:00:00,1089.77,1039.962,1065.731,1114.05,1.0
2022-10-18 00:00:00,1085.989,1041.372,1089.77,1115.461,1.0
2022-10-19 00:00:00,1106.017,1045.783,1085.989,1119.871,1.0
2022-10-20 00:00:00,1110.096,1049.919,1106.017,1124.007,1.0
2022-10-21 00:00:00,1114.794,1047.705,1110.096,1121.794,1.0
2022-10-24 00:00:00,1102.626,1046.1,1114.794,1120.188,1.0
2022-10-25 00:00:00,1080.672,1047.153,1102.626,1121.242,1.0
2022-10-27 00:00:00,1088.624,1046.654,1080.672,1120.742,1.0
2022-10-28 00:00:00,1092.084,1049.216,1088.624,1123.304,1.0
2022-10-31 00:00:00,1086.539,1059.082,1092.084,1133.17,1.0
2022-11-01 00:00:00,1103.978,1063.116,1086.539,1137.205,1.0
2022-11-02 00:00:00,1123.457,1057.701,1103.978,1131.789,1.0
2022-11-03 00:00:00,1143.004,1056.174,1123.457,1130.262,1.0
2022-11-04 00:00:00,1146.075,1053.466,1143.004,1127.554,0.0
2022-11-07 00:00:00,1132.783,1059.621,1146.075,1133.709,0.0
2022-11-09 00:00:00,1136.564,1065.417,1132.783,1139.505,1.0
2022-11-10 00:00:00,1119.011,1071.093,1136.564,1145.182,1.0
2022-11-11 00:00:00,1123.411,1068.995,1119.011,1143.083,1.0
2022-11-14 00:00:00,1157.785,1072.325,1123.411,1146.413,1.0
2022-11-15 00:00:00,1168.532,1068.912,1157.785,1143.0,0.0
2022-11-16 00:00:00,1159.48,1066.261,1168.532,1140.35,0.0
2022-11-17 00:00:00,1166.722,1064.47,1159.48,1138.558,0.0
2022-11-18 00:00:00,1171.076,1064.471,1166.722,1138.559,0.0
2022-11-21 00:00:00,1188.309,1062.81,1171.076,1136.898,0.0
2022-11-22 00:00:00,1194.656,1054.705,1188.309,1128.793,-1.0
2022-11-23 00:00:00,1193.465,1051.57,1194.656,1125.658,-1.0
2022-11-24 00:00:00,1179.028,1047.796,1193.465,1121.885,-1.0
2022-11-25 00:00:00,1206.206,1049.858,1179.028,1123.946,0.0
2022-11-28 00:00:00,1200.363,1050.754,1206.206,1124.843,-1.0
2022-11-29 00:00:00,1194.977,1060.281,1200.363,1134.37,-1.0
2022-11-30 00:00:00,1188.125,1064.86,1194.977,1138.949,0.0
2022-12-01 00:00:00,1191.196,1075.174,1188.125,1149.262,0.0
2022-12-02 00:00:00,1190.554,1080.315,1191.196,1154.404,0.0
2022-12-05 00:00:00,1169.128,1087.257,1190.554,1161.345,0.0
2022-12-06 00:00:00,1175.613,1094.183,1169.128,1168.271,0.0
2022-12-07 00:00:00,1171.947,1099.275,1175.613,1173.363,0.0
2022-12-08 00:00:00,1182.053,1101.153,1171.947,1175.241,1.0
2022-12-09 00:00:00,1199.698,1100.849,1182.053,1174.938,0.0
2022-12-12 00:00:00,1240.924,1099.284,1199.698,1173.373,0.0
2022-12-13 00:00:00,1243.055,1089.387,1240.924,1163.475,-1.0
2022-12-14 00:00:00,1251.832,1087.03,1243.055,1161.118,-1.0
2022-12-15 00:00:00,1248.142,1076.168,1251.832,1150.256,-1.0
2022-12-16 00:00:00,1247.615,1071.785,1248.142,1145.874,-1.0
2022-12-19 00:00:00,1229.42,1067.557,1247.615,1141.646,-1.0
2022-12-20 00:00:00,1232.972,1063.386,1229.42,1137.475,-1.0
2022-12-21 00:00:00,1214.777,1064.151,1232.972,1138.239,-1.0
2022-12-22 00:00:00,1214.204,1061.397,1214.777,1135.485,-1.0
2022-12-23 00:00:00,1195.802,1058.953,1214.204,1133.041,-1.0
2022-12-26 00:00:00,1197.635,1054.853,1195.802,1128.942,-1.0
2022-12-27 00:00:00,1203.09,1054.381,1197.635,1128.469,-1.0
2022-12-28 00:00:00,1198.735,1055.573,1203.09,1129.661,-1.0
2022-12-29 00:00:00,1181.709,1056.672,1198.735,1130.76,-1.0
2022-12-30 00:00:00,1175.865,1057.761,1181.709,1131.849,0.0
2023-01-02 00:00:00,1191.311,1054.193,1175.865,1128.281,0.0
2023-01-03 00:00:00,1201.623,1055.676,1191.311,1129.764,-1.0
2023-01-04 00:00:00,1184.528,1055.312,1201.623,1129.401,-1.0
2023-01-05 00:00:00,1181.457,1050.198,1184.528,1124.287,-1.0
2023-01-06 00:00:00,1146.808,1050.094,1181.457,1124.183,0.0
2023-01-09 00:00:00,1156.822,1050.07,1146.808,1124.158,0.0
2023-01-10 00:00:00,1166.286,1057.857,1156.822,1131.945,0.0
2023-01-11 00:00:00,1166.172,1057.066,1166.286,1131.155,0.0
2023-01-12 00:00:00,1165.645,1053.671,1166.172,1127.76,0.0
2023-01-13 00:00:00,1167.432,1052.566,1165.645,1126.654,0.0
2023-01-16 00:00:00,1180.586,1060.622,1167.432,1134.71,0.0
2023-01-17 00:00:00,1171.947,1065.303,1180.586,1139.392,0.0
2023-01-18 00:00:00,1154.301,1070.69,1171.947,1144.778,0.0
2023-01-19 00:00:00,1152.239,1075.237,1154.301,1149.325,0.0
2023-01-20 00:00:00,1162.712,1075.432,1152.239,1149.52,0.0
2023-01-23 00:00:00,1190.165,1076.622,1162.712,1150.711,0.0
2023-01-24 00:00:00,1172.565,1073.134,1190.165,1147.223,0.0
2023-01-25 00:00:00,1157.785,1076.806,1172.565,1150.894,0.0
2023-01-27 00:00:00,1132.783,1076.578,1157.785,1150.666,0.0
2023-01-30 00:00:00,1130.95,1079.314,1132.783,1153.402,1.0
2023-01-31 00:00:00,1120.179,1083.437,1130.95,1157.525,1.0
2023-02-01 00:00:00,1136.083,1089.217,1120.179,1163.305,1.0
2023-02-02 00:00:00,1134.204,1092.171,1136.083,1166.259,1.0
2023-02-03 00:00:00,1132.99,1093.844,1134.204,1167.932,1.0
2023-02-06 00:00:00,1119.515,1100.71,1132.99,1174.798,1.0
2023-02-07 00:00:00,1113.855,1102.073,1119.515,1176.162,1.0
2023-02-08 00:00:00,1107.278,1104.247,1113.855,1178.335,1.0
2023-02-09 00:00:00,1091.97,1109.331,1107.278,1183.419,1.0
2023-02-10 00:00:00,1071.254,1110.584,1091.97,1184.672,1.0
2023-02-13 00:00:00,1081.52,1099.97,1071.254,1174.058,1.0
2023-02-14 00:00:00,1078.816,1091.132,1081.52,1165.22,1.0
2023-02-15 00:00:00,1072.423,1089.952,1078.816,1164.04,1.0
2023-02-16 00:00:00,1066.487,1100.074,1072.423,1174.163,1.0
2023-02-17 00:00:00,1067.427,1098.735,1066.487,1172.823,1.0
2023-02-20 00:00:00,1059.383,1090.343,1067.427,1164.431,1.0
2023-02-21 00:00:00,1056.84,1083.69,1059.383,1157.778,1.0
2023-02-22 00:00:00,1077.945,1080.499,1056.84,1154.587,1.0
2023-02-23 00:00:00,1079.824,1069.045,1077.945,1143.134,1.0
2023-02-24 00:00:00,1070.933,1063.064,1079.824,1137.152,1.0
2023-02-27 00:00:00,1064.837,1061.915,1070.933,1136.003,1.0
2023-02-28 00:00:00,1089.93,1058.666,1064.837,1132.754,1.0
2023-03-01 00:00:00,1114.611,1053.109,1089.93,1127.197,1.0
2023-03-02 00:00:00,1113.74,1041.468,1114.611,1115.556,1.0
2023-03-03 00:00:00,1118.392,1036.92,1113.74,1111.008,0.0
2023-03-06 00:00:00,1106.567,1041.567,1118.392,1115.655,0.0
2023-03-08 00:00:00,1115.596,1045.545,1106.567,1119.633,1.0
2023-03-09 00:00:00,1090.297,1047.55,1115.596,1121.638,1.0
2023-03-10 00:00:00,1085.072,1046.074,1090.297,1120.162,1.0
2023-03-13 00:00:00,1092.497,1044.096,1085.072,1118.185,1.0
2023-03-14 00:00:00,1085.233,1044.623,1092.497,1118.712,1.0
2023-03-15 00:00:00,1064.471,1050.395,1085.233,1124.484,1.0
2023-03-16 00:00:00,1074.256,1051.742,1064.471,1125.83,1.0
2023-03-17 00:00:00,1066.075,1057.663,1074.256,1131.752,1.0
2023-03-20 00:00:00,1093.276,1070.319,1066.075,1144.407,1.0
2023-03-21 00:00:00,1103.955,1073.749,1093.276,1147.837,1.0
2023-03-22 00:00:00,1107.919,1082.934,1103.955,1157.022,1.0
2023-03-23 00:00:00,1081.291,1083.338,1107.919,1157.427,1.0
2023-03-24 00:00:00,1064.54,1081.605,1081.291,1155.693,1.0
2023-03-27 00:00:00,1047.032,1078.083,1064.54,1152.171,1.0
2023-03-28 00:00:00,1043.113,1078.62,1047.032,1152.709,1.0
2023-03-29 00:00:00,1025.284,1076.303,1043.113,1150.392,1.0
2023-03-31 00:00:00,1020.174,1072.53,1025.284,1146.619,1.0
2023-04-03 00:00:00,1018.891,1081.624,1020.174,1155.712,1.0
2023-04-05 00:00:00,1008.877,1070.312,1018.891,1144.4,1.0
2023-04-06 00:00:00,1040.248,1065.753,1008.877,1139.841,1.0
2023-04-10 00:00:00,1043.411,1063.647,1040.248,1137.735,1.0
2023-04-11 00:00:00,1030.211,1062.01,1043.411,1136.098,1.0
2023-04-12 00:00:00,1009.816,1059.107,1030.211,1133.195,1.0
2023-04-13 00:00:00,1025.513,1060.286,1009.816,1134.374,1.0
2023-04-17 00:00:00,1030.303,1057.901,1025.513,1131.989,1.0
2023-04-18 00:00:00,1024.207,1053.458,1030.303,1127.547,1.0
2023-04-19 00:00:00,1068.366,1045.783,1024.207,1119.872,1.0
2023-04-20 00:00:00,1068.55,1037.144,1068.366,1111.232,1.0
2023-04-21 00:00:00,1065.983,1035.806,1068.55,1109.894,1.0
2023-04-24 00:00:00,1073.133,1032.669,1065.983,1106.757,1.0
2023-04-25 00:00:00,1065.525,1029.085,1073.133,1103.173,1.0
2023-04-26 00:00:00,1070.796,1027.466,1065.525,1101.554,1.0
2023-04-27 00:00:00,1075.516,1025.251,1070.796,1099.339,1.0
2023-04-28 00:00:00,1079.572,1022.0,1075.516,1096.088,1.0
2023-05-02 00:00:00,1085.049,1029.967,1079.572,1104.055,1.0
2023-05-03 00:00:00,1072.629,1031.04,1085.049,1105.128,1.0
2023-05-04 00:00:00,1077.968,1029.183,1072.629,1103.271,1.0
2023-05-05 00:00:00,1075.241,1030.25,1077.968,1104.339,1.0
2023-05-08 00:00:00,1076.593,1032.588,1075.241,1106.677,1.0
2023-05-09 00:00:00,1080.718,1034.897,1076.593,1108.985,1.0
2023-05-10 00:00:00,1088.991,1033.773,1080.718,1107.861,1.0
2023-05-11 00:00:00,1082.597,1036.215,1088.991,1110.304,1.0
2023-05-12 00:00:00,1089.449,1036.287,1082.597,1110.376,1.0
2023-05-15 00:00:00,1109.363,1035.554,1089.449,1109.642,1.0
2023-05-16 00:00:00,1118.782,1031.222,1109.363,1105.31,0.0
2023-05-17 00:00:00,1109.18,1026.883,1118.782,1100.971,0.0
2023-05-18 00:00:00,1121.967,1026.653,1109.18,1100.741,0.0
2023-05-19 00:00:00,1119.102,1026.28,1121.967,1100.369,0.0
2023-05-22 00:00:00,1132.921,1025.545,1119.102,1099.634,0.0
2023-05-23 00:00:00,1136.427,1026.285,1132.921,1100.373,0.0
2023-05-24 00:00:00,1144.241,1026.272,1136.427,1100.36,0.0
2023-05-25 00:00:00,1136.771,1022.582,1144.241,1096.67,0.0
2023-05-26 00:00:00,1138.627,1022.932,1136.771,1097.02,0.0
2023-05-29 00:00:00,1140.873,1035.033,1138.627,1109.121,0.0
2023-05-30 00:00:00,1124.625,1040.478,1140.873,1114.566,0.0
2023-05-31 00:00:00,1117.979,1042.15,1124.625,1116.238,0.0
2023-06-01 00:00:00,1115.573,1046.649,1117.979,1120.737,1.0
2023-06-02 00:00:00,1119.194,1048.539,1115.573,1122.628,1.0
2023-06-05 00:00:00,1125.175,1054.528,1119.194,1128.616,1.0
2023-06-06 00:00:00,1124.969,1060.242,1125.175,1134.33,1.0
2023-06-07 00:00:00,1118.415,1063.495,1124.969,1137.583,1.0
2023-06-08 00:00:00,1118.277,1067.139,1118.415,1141.227,1.0
2023-06-09 00:00:00,1148.779,1068.055,1118.277,1142.143,1.0
2023-06-12 00:00:00,1155.241,1060.363,1148.779,1134.451,0.0
2023-06-13 00:00:00,1154.943,1057.408,1155.241,1131.497,0.0
2023-06-14 00:00:00,1132.004,1060.371,1154.943,1134.459,0.0
2023-06-15 00:00:00,1128.956,1057.521,1132.004,1131.609,0.0
2023-06-16 00:00:00,1125.267,1056.505,1128.956,1130.593,1.0
2023-06-19 00:00:00,1135.373,1060.483,1125.267,1134.571,1.0
2023-06-20 00:00:00,1136.335,1056.92,1135.373,1131.008,0.0
2023-06-21 00:00:00,1144.952,1057.459,1136.335,1131.548,0.0
2023-06-22 00:00:00,1145.639,1058.107,1144.952,1132.196,0.0
2023-06-23 00:00:00,1137.527,1054.614,1145.639,1128.702,0.0
2023-06-26 00:00:00,1138.535,1053.245,1137.527,1127.333,0.0
2023-06-27 00:00:00,1155.356,1053.517,1138.535,1127.606,0.0
2023-06-28 00:00:00,1169.563,1051.074,1155.356,1125.162,0.0
2023-06-30 00:00:00,1169.884,1052.035,1169.563,1126.123,0.0
2023-07-03 00:00:00,1181.274,1054.171,1169.884,1128.259,0.0
2023-07-04 00:00:00,1169.541,1051.003,1181.274,1125.091,0.0
2023-07-05 00:00:00,1171.97,1049.513,1169.541,1123.601,0.0
2023-07-06 00:00:00,1175.27,1049.324,1171.97,1123.412,0.0
2023-07-07 00:00:00,1162.07,1058.636,1175.27,1132.724,0.0
2023-07-10 00:00:00,1152.56,1064.176,1162.07,1138.264,0.0
2023-07-11 00:00:00,1143.76,1079.281,1152.56,1153.369,1.0
2023-07-12 00:00:00,1144.173,1088.57,1143.76,1162.659,1.0
2023-07-13 00:00:00,1159.32,1096.14,1144.173,1170.228,1.0
2023-07-14 00:00:00,1168.83,1098.422,1159.32,1172.51,1.0
2023-07-17 00:00:00,1198.827,1102.622,1168.83,1176.711,1.0
2023-07-18 00:00:00,1186.475,1111.331,1198.827,1185.42,0.0
2023-07-19 00:00:00,1184.528,1124.364,1186.475,1198.452,1.0
2023-07-20 00:00:00,1209.391,1141.435,1184.528,1215.523,1.0
2023-07-21 00:00:00,1207.031,1155.871,1209.391,1229.959,1.0
2023-07-24 00:00:00,1253.528,1164.364,1207.031,1238.453,1.0
2023-07-25 00:00:00,1267.117,1162.588,1253.528,1236.676,0.0
2023-07-26 00:00:00,1268.515,1163.149,1267.117,1237.237,0.0
2023-07-27 00:00:00,1257.171,1163.489,1268.515,1237.577,0.0
2023-07-28 00:00:00,1256.117,1160.598,1257.171,1234.686,0.0
2023-07-31 00:00:00,1281.783,1161.364,1256.117,1235.453,0.0
2023-08-01 00:00:00,1292.668,1154.228,1281.783,1228.316,0.0
2023-08-02 00:00:00,1302.476,1138.958,1292.668,1213.047,-1.0
2023-08-03 00:00:00,1300.899,1118.705,1302.476,1192.793,-1.0
2023-08-04 00:00:00,1260.628,1101.742,1300.899,1175.831,-1.0
2023-08-07 00:00:00,1235.13,1099.023,1260.628,1173.111,-1.0
2023-08-08 00:00:00,1234.336,1095.008,1235.13,1169.097,-1.0
2023-08-09 00:00:00,1254.396,1094.732,1234.336,1168.82,-1.0
2023-08-10 00:00:00,1242.727,1095.539,1254.396,1169.627,-1.0
2023-08-11 00:00:00,1255.216,1100.727,1242.727,1174.815,-1.0
2023-08-14 00:00:00,1265.842,1105.407,1255.216,1179.495,-1.0
2023-08-16 00:00:00,1247.941,1109.388,1265.842,1183.476,-1.0
2023-08-17 00:00:00,1234.609,1112.569,1247.941,1186.657,0.0
2023-08-18 00:00:00,1229.42,1111.069,1234.609,1185.158,0.0
2023-08-21 00:00:00,1246.129,1116.278,1229.42,1190.366,0.0
2023-08-22 00:00:00,1253.23,1109.437,1246.129,1183.525,-1.0
2023-08-23 00:00:00,1245.682,1109.582,1253.23,1183.671,-1.0
2023-08-24 00:00:00,1253.9,1108.821,1245.682,1182.909,-1.0
2023-08-25 00:00:00,1259.486,1101.873,1253.9,1175.961,-1.0
2023-08-28 00:00:00,1264.799,1100.816,1259.486,1174.904,-1.0
2023-08-29 00:00:00,1279.746,1094.268,1264.799,1168.356,-1.0
2023-08-30 00:00:00,1278.703,1095.827,1279.746,1169.916,-1.0
2023-08-31 00:00:00,1260.256,1096.079,1278.703,1170.168,-1.0
2023-09-01 00:00:00,1269.591,1099.866,1260.256,1173.954,-1.0
2023-09-04 00:00:00,1255.738,1099.851,1269.591,1173.939,-1.0
2023-09-05 00:00:00,1255.439,1100.729,1255.738,1174.817,-1.0
2023-09-06 00:00:00,1256.834,1102.287,1255.439,1176.375,-1.0
2023-09-07 00:00:00,1235.706,1102.051,1256.834,1176.139,-1.0
2023-09-08 00:00:00,1230.0,1103.48,1235.706,1177.568,0.0
2023-09-11 00:00:00,1217.742,1105.423,1230.0,1179.512,0.0
2023-09-12 00:00:00,1206.082,1110.452,1217.742,1184.541,0.0
2023-09-13 00:00:00,1204.936,1108.48,1206.082,1182.568,0.0
2023-09-14 00:00:00,1199.429,1111.225,1204.936,1185.313,0.0
2023-09-15 00:00:00,1202.245,1108.397,1199.429,1182.485,0.0
2023-09-18 00:00:00,1201.273,1112.911,1202.245,1186.999,0.0
2023-09-20 00:00:00,1207.701,1109.946,1201.273,1184.035,0.0
2023-09-21 00:00:00,1210.242,1125.649,1207.701,1199.737,0.0
2023-09-22 00:00:00,1211.887,1126.523,1210.242,1200.611,0.0
2023-09-25 00:00:00,1219.959,1128.088,1211.887,1202.177,0.0
2023-09-26 00:00:00,1233.115,1123.832,1219.959,1197.92,0.0
2023-09-27 00:00:00,1215.3,1122.377,1233.115,1196.465,0.0
2023-09-28 00:00:00,1221.38,1120.768,1215.3,1194.856,0.0
2023-09-29 00:00:00,1222.501,1115.086,1221.38,1189.174,0.0
2023-10-03 00:00:00,1224.768,1112.334,1222.501,1186.423,0.0
2023-10-04 00:00:00,1214.104,1100.138,1224.768,1174.227,0.0
2023-10-05 00:00:00,1187.046,1101.402,1214.104,1175.49,0.0
2023-10-06 00:00:00,1178.401,1078.53,1187.046,1152.618,0.0
2023-10-09 00:00:00,1173.492,1076.727,1178.401,1150.815,0.0
2023-10-10 00:00:00,1166.267,1069.749,1173.492,1143.837,0.0
2023-10-11 00:00:00,1167.288,1067.576,1166.267,1141.665,0.0
2023-10-12 00:00:00,1180.444,1071.685,1167.288,1145.773,0.0
2023-10-13 00:00:00,1163.103,1074.312,1180.444,1148.4,0.0
2023-10-16 00:00:00,1168.534,1072.517,1163.103,1146.605,0.0
2023-10-17 00:00:00,1155.154,1067.657,1168.534,1141.745,0.0
2023-10-18 00:00:00,1153.161,1067.061,1155.154,1141.15,0.0
2023-10-19 00:00:00,1153.136,1061.361,1153.161,1135.449,0.0
2023-10-20 00:00:00,1155.08,1057.012,1153.136,1131.1,0.0
2023-10-23 00:00:00,1145.238,1056.681,1155.08,1130.77,0.0
2023-10-25 00:00:00,1150.296,1055.081,1145.238,1129.17,0.0
2023-10-26 00:00:00,1168.559,1054.839,1150.296,1128.928,0.0
2023-10-27 00:00:00,1170.727,1053.619,1168.559,1127.707,0.0
2023-10-30 00:00:00,1170.677,1053.881,1170.727,1127.97,0.0
2023-10-31 00:00:00,1168.061,1060.687,1170.677,1134.775,0.0
2023-11-01 00:00:00,1173.642,1062.186,1168.061,1136.274,0.0
2023-11-02 00:00:00,1158.07,1063.537,1173.642,1137.625,0.0
2023-11-03 00:00:00,1149.175,1068.329,1158.07,1142.417,0.0
2023-11-06 00:00:00,1145.662,1069.225,1149.175,1143.313,0.0
2023-11-07 00:00:00,1127.772,1072.123,1145.662,1146.211,1.0
2023-11-08 00:00:00,1125.156,1071.433,1127.772,1145.521,1.0
2023-11-09 00:00:00,1109.484,1071.642,1125.156,1145.73,1.0
2023-11-10 00:00:00,1129.068,1068.893,1109.484,1142.981,1.0
2023-11-13 00:00:00,1152.339,1066.043,1129.068,1140.131,1.0
2023-11-15 00:00:00,1140.081,1059.367,1152.339,1133.456,0.0
2023-11-16 00:00:00,1144.814,1060.13,1140.081,1134.219,0.0
2023-11-17 00:00:00,1156.176,1060.951,1144.814,1135.039,0.0
2023-11-20 00:00:00,1155.927,1057.576,1156.176,1131.664,0.0
2023-11-21 00:00:00,1165.544,1053.898,1155.927,1127.987,0.0
2023-11-22 00:00:00,1157.97,1053.359,1165.544,1127.447,0.0
2023-11-23 00:00:00,1163.999,1054.959,1157.97,1129.047,0.0
2023-11-24 00:00:00,1151.367,1054.972,1163.999,1129.06,0.0
2023-11-28 00:00:00,1153.535,1051.69,1151.367,1125.778,0.0
2023-11-29 00:00:00,1153.385,1054.721,1153.535,1128.809,0.0
2023-11-30 00:00:00,1174.24,1058.793,1153.385,1132.882,0.0
2023-12-01 00:00:00,1176.357,1063.18,1174.24,1137.268,0.0
2023-12-04 00:00:00,1173.791,1067.181,1176.357,1141.269,0.0
2023-12-05 00:00:00,1170.702,1071.379,1173.791,1145.468,0.0
2023-12-06 00:00:00,1185.427,1078.392,1170.702,1152.48,0.0
2023-12-07 00:00:00,1190.061,1083.533,1185.427,1157.621,0.0
2023-12-08 00:00:00,1193.699,1084.968,1190.061,1159.056,0.0
2023-12-11 00:00:00,1192.901,1086.267,1193.699,1160.355,0.0
2023-12-12 00:00:00,1193.15,1087.883,1192.901,1161.972,0.0
2023-12-13 00:00:00,1196.29,1082.655,1193.15,1156.744,0.0
2023-12-14 00:00:00,1184.704,1081.694,1196.29,1155.782,0.0
2023-12-15 00:00:00,1193.101,1080.613,1184.704,1154.701,0.0
2023-12-18 00:00:00,1206.007,1085.218,1193.101,1159.306,0.0
2023-12-19 00:00:00,1214.752,1085.551,1206.007,1159.639,0.0
2023-12-20 00:00:00,1226.388,1087.413,1214.752,1161.501,0.0
2023-12-21 00:00:00,1224.37,1085.618,1226.388,1159.706,-1.0
2023-12-22 00:00:00,1223.722,1091.68,1224.37,1165.768,0.0
2023-12-26 00:00:00,1225.516,1098.669,1223.722,1172.757,0.0
2023-12-27 00:00:00,1207.925,1103.503,1225.516,1177.591,0.0
2023-12-28 00:00:00,1212.859,1108.208,1207.925,1182.296,0.0
2023-12-29 00:00:00,1227.907,1112.562,1212.859,1186.651,0.0
2024-01-01 00:00:00,1243.579,1108.929,1227.907,1183.017,0.0
2024-01-02 00:00:00,1256.236,1104.872,1243.579,1178.96,-1.0
2024-01-03 00:00:00,1274.724,1104.744,1256.236,1178.833,-1.0
2024-01-04 00:00:00,1259.301,1099.65,1274.724,1173.738,-1.0
2024-01-05 00:00:00,1276.941,1096.762,1259.301,1170.85,-1.0
2024-01-08 00:00:00,1278.187,1096.023,1276.941,1170.111,-1.0
2024-01-09 00:00:00,1284.665,1089.595,1278.187,1163.683,-1.0
2024-01-10 00:00:00,1289.05,1086.971,1284.665,1161.059,-1.0
2024-01-11 00:00:00,1298.368,1091.225,1289.05,1165.313,-1.0
2024-01-12 00:00:00,1288.103,1099.152,1298.368,1173.24,-1.0
2024-01-15 00:00:00,1290.744,1103.232,1288.103,1177.321,-1.0
2024-01-16 00:00:00,1301.433,1108.009,1290.744,1182.097,-1.0
2024-01-17 00:00:00,1287.281,1109.7,1301.433,1183.788,-1.0
2024-01-18 00:00:00,1293.933,1113.768,1287.281,1187.856,-1.0
2024-01-19 00:00:00,1299.44,1118.806,1293.933,1192.894,-1.0
2024-01-23 00:00:00,1289.299,1122.851,1299.44,1196.939,-1.0
2024-01-24 00:00:00,1285.886,1126.066,1289.299,1200.154,-1.0
2024-01-25 00:00:00,1320.568,1136.457,1285.886,1210.545,-1.0
2024-01-29 00:00:00,1355.3,1139.789,1320.568,1213.877,-1.0
2024-01-30 00:00:00,1366.089,1144.098,1355.3,1218.186,-1.0
2024-01-31 00:00:00,1389.409,1141.928,1366.089,1216.017,-1.0
2024-02-01 00:00:00,1369.975,1148.038,1389.409,1222.127,-1.0
2024-02-02 00:00:00,1356.969,1152.337,1369.975,1226.425,-1.0
2024-02-05 00:00:00,1363.323,1160.216,1356.969,1234.304,-1.0
2024-02-06 00:00:00,1362.825,1161.426,1363.323,1235.514,-1.0
2024-02-07 00:00:00,1324.081,1162.454,1362.825,1236.542,-1.0
2024-02-08 00:00:00,1339.329,1162.592,1324.081,1236.68,-1.0
2024-02-09 00:00:00,1348.498,1163.031,1339.329,1237.119,-1.0
2024-02-12 00:00:00,1443.152,1168.684,1348.498,1242.772,-1.0
2024-02-13 00:00:00,1402.864,1162.392,1443.152,1236.481,-1.0
2024-02-14 00:00:00,1421.799,1162.512,1402.864,1236.6,-1.0
2024-02-15 00:00:00,1421.824,1163.255,1421.799,1237.343,-1.0
2024-02-16 00:00:00,1452.769,1162.913,1421.824,1237.001,-1.0
2024-02-19 00:00:00,1434.157,1156.553,1452.769,1230.641,-1.0
2024-02-20 00:00:00,1422.97,1157.837,1434.157,1231.925,-1.0
2024-02-21 00:00:00,1437.272,1158.664,1422.97,1232.752,-1.0
2024-02-22 00:00:00,1445.22,1158.773,1437.272,1232.862,-1.0
2024-02-23 00:00:00,1455.809,1163.278,1445.22,1237.366,-1.0
2024-02-26 00:00:00,1447.437,1167.328,1455.809,1241.416,-1.0
2024-02-27 00:00:00,1460.144,1169.746,1447.437,1243.834,-1.0
2024-02-28 00:00:00,1476.364,1171.559,1460.144,1245.647,-1.0
2024-02-29 00:00:00,1465.626,1165.834,1476.364,1239.923,-1.0
2024-03-01 00:00:00,1455.635,1170.133,1465.626,1244.221,-1.0
2024-03-04 00:00:00,1469.014,1178.526,1455.635,1252.615,-1.0
2024-03-05 00:00:00,1466.049,1183.531,1469.014,1257.619,-1.0
2024-03-06 00:00:00,1462.735,1182.431,1466.049,1256.52,-1.0
2024-03-07 00:00:00,1476.738,1179.461,1462.735,1253.549,-1.0
2024-03-11 00:00:00,1488.573,1169.171,1476.738,1243.259,-1.0
2024-03-12 00:00:00,1482.294,1161.975,1488.573,1236.063,-1.0
2024-03-13 00:00:00,1480.625,1164.658,1482.294,1238.746,-1.0
2024-03-14 00:00:00,1450.701,1160.751,1480.625,1234.839,-1.0
2024-03-15 00:00:00,1455.859,1166.29,1450.701,1240.378,-1.0
2024-03-18 00:00:00,1487.078,1163.25,1455.859,1237.338,-1.0
2024-03-19 00:00:00,1502.301,1160.902,1487.078,1234.99,-1.0
2024-03-20 00:00:00,1495.125,1155.295,1502.301,1229.384,-1.0
2024-03-21 00:00:00,1497.916,1154.068,1495.125,1228.156,-1.0
2024-03-22 00:00:00,1473.923,1155.147,1497.916,1229.236,-1.0
2024-03-26 00:00:00,1461.639,1162.021,1473.923,1236.109,-1.0
2024-03-27 00:00:00,1470.434,1162.655,1461.639,1236.743,-1.0
2024-03-28 00:00:00,1427.331,1172.782,1470.434,1246.871,-1.0
2024-04-01 00:00:00,1426.633,1182.4,1427.331,1256.488,-1.0
2024-04-02 00:00:00,1413.428,1179.125,1426.633,1253.213,-1.0
2024-04-03 00:00:00,1434.606,1177.089,1413.428,1251.177,-1.0
2024-04-04 00:00:00,1420.429,1176.223,1434.606,1250.311,-1.0
2024-04-05 00:00:00,1438.866,1177.934,1420.429,1252.023,-1.0
2024-04-08 00:00:00,1446.067,1178.038,1438.866,1252.127,-1.0
2024-04-09 00:00:00,1450.103,1178.758,1446.067,1252.846,-1.0
2024-04-10 00:00:00,1436.699,1170.512,1450.103,1244.6,-1.0
2024-04-12 00:00:00,1487.8,1170.994,1436.699,1245.083,-1.0
2024-04-15 00:00:00,1480.824,1165.671,1487.8,1239.76,-1.0
2024-04-16 00:00:00,1479.753,1157.58,1480.824,1231.669,-1.0
2024-04-18 00:00:00,1481.92,1159.277,1479.753,1233.365,-1.0
2024-04-19 00:00:00,1466.622,1161.535,1481.92,1235.623,-1.0
2024-04-22 00:00:00,1457.977,1166.233,1466.622,1240.321,-1.0
2024-04-23 00:00:00,1455.161,1169.385,1457.977,1243.473,-1.0
2024-04-24 00:00:00,1480.949,1169.004,1455.161,1243.093,-1.0
2024-04-25 00:00:00,1458.699,1164.56,1480.949,1238.648,-1.0
2024-04-26 00:00:00,1474.57,1170.585,1458.699,1244.673,-1.0
2024-04-29 00:00:00,1462.187,1169.467,1474.57,1243.555,-1.0
2024-04-30 00:00:00,1459.87,1168.171,1462.187,1242.26,-1.0
2024-05-02 00:00:00,1460.792,1169.113,1459.87,1243.202,-1.0
2024-05-03 00:00:00,1459.372,1170.94,1460.792,1245.028,-1.0
2024-05-06 00:00:00,1465.152,1163.762,1459.372,1237.851,-1.0
2024-05-07 00:00:00,1474.844,1155.944,1465.152,1230.033,-1.0
2024-05-08 00:00:00,1454.389,1154.829,1474.844,1228.917,-1.0
2024-05-09 00:00:00,1445.27,1154.434,1454.389,1228.522,-1.0
2024-05-10 00:00:00,1455.037,1150.853,1445.27,1224.941,-1.0
2024-05-13 00:00:00,1447.637,1146.496,1455.037,1220.584,-1.0
2024-05-14 00:00:00,1460.07,1144.837,1447.637,1218.925,-1.0
2024-05-15 00:00:00,1462.038,1144.739,1460.07,1218.828,-1.0
2024-05-16 00:00:00,1461.589,1138.979,1462.038,1213.067,-1.0
2024-05-17 00:00:00,1429.15,1137.059,1461.589,1211.147,-1.0
2024-05-21 00:00:00,1414.724,1136.395,1429.15,1210.483,-1.0
2024-05-22 00:00:00,1396.734,1141.664,1414.724,1215.752,-1.0
2024-05-23 00:00:00,1413.752,1145.868,1396.734,1219.956,-1.0
2024-05-24 00:00:00,1389.409,1153.57,1413.752,1227.658,-1.0
2024-05-27 00:00:00,1402.664,1155.556,1389.409,1229.644,-1.0
2024-05-28 00:00:00,1397.955,1154.752,1402.664,1228.84,-1.0
2024-05-29 00:00:00,1415.271,1155.706,1397.955,1229.795,-1.0
2024-05-30 00:00:00,1411.484,1155.868,1415.271,1229.956,-1.0
2024-05-31 00:00:00,1420.529,1158.452,1411.484,1232.54,-1.0
2024-06-03 00:00:00,1430.844,1166.617,1420.529,1240.706,-1.0
2024-06-04 00:00:00,1431.267,1177.516,1430.844,1251.604,-1.0
2024-06-05 00:00:00,1455.709,1177.267,1431.267,1251.356,-1.0
2024-06-06 00:00:00,1481.023,1178.326,1455.709,1252.414,-1.0
2024-06-07 00:00:00,1475.243,1181.476,1481.023,1255.565,-1.0
2024-06-10 00:00:00,1461.29,1191.542,1475.243,1265.63,-1.0
2024-06-11 00:00:00,1451.274,1196.384,1461.29,1270.472,-1.0
2024-06-12 00:00:00,1435.902,1198.141,1451.274,1272.229,-1.0
2024-06-13 00:00:00,1420.03,1200.717,1435.902,1274.805,-1.0
2024-06-14 00:00:00,1425.562,1200.167,1420.03,1274.256,-1.0
2024-06-18 00:00:00,1505.216,1191.131,1425.562,1265.219,-1.0
2024-06-19 00:00:00,1392.549,1183.617,1505.216,1257.705,-1.0
2024-06-20 00:00:00,1415.944,1171.991,1392.549,1246.079,-1.0
2024-06-21 00:00:00,1426.758,1174.804,1415.944,1248.893,-1.0
2024-06-24 00:00:00,1464.978,1180.124,1426.758,1254.212,-1.0
2024-06-25 00:00:00,1466.423,1177.895,1464.978,1251.983,-1.0
2024-06-26 00:00:00,1451.748,1178.617,1466.423,1252.706,-1.0
2024-06-27 00:00:00,1458.375,1187.921,1451.748,1262.01,-1.0
2024-06-28 00:00:00,1460.294,1199.591,1458.375,1273.679,-1.0
2024-07-01 00:00:00,1472.552,1211.279,1460.294,1285.367,-1.0
2024-07-02 00:00:00,1476.016,1214.658,1472.552,1288.746,-1.0
2024-07-03 00:00:00,1453.716,1218.469,1476.016,1292.558,-1.0
2024-07-04 00:00:00,1468.715,1220.719,1453.716,1294.807,-1.0
2024-07-05 00:00:00,1449.281,1219.794,1468.715,1293.882,-1.0
2024-07-08 00:00:00,1436.599,1215.282,1449.281,1289.371,-1.0
2024-07-09 00:00:00,1449.231,1219.566,1436.599,1293.655,-1.0
2024-07-10 00:00:00,1508.904,1221.738,1449.231,1295.826,-1.0
2024-07-11 00:00:00,1525.373,1214.784,1508.904,1288.872,-1.0
2024-07-12 00:00:00,1560.105,1208.229,1525.373,1282.317,-1.0
2024-07-15 00:00:00,1554.873,1204.323,1560.105,1278.411,-1.0
2024-07-16 00:00:00,1559.881,1205.985,1554.873,1280.074,-1.0
2024-07-18 00:00:00,1547.174,1205.787,1559.881,1279.876,-1.0
2024-07-19 00:00:00,1548.769,1208.028,1547.174,1282.117,-1.0
2024-07-22 00:00:00,1583.251,1204.59,1548.769,1278.678,-1.0
2024-07-23 00:00:00,1595.485,1200.796,1583.251,1274.884,-1.0
2024-07-24 00:00:00,1584.896,1201.546,1595.485,1275.634,-1.0
2024-07-25 00:00:00,1578.866,1202.496,1584.896,1276.584,-1.0
2024-07-26 00:00:00,1575.303,1201.478,1578.866,1275.566,-1.0
2024-07-29 00:00:00,1591.324,1196.942,1575.303,1271.03,-1.0
2024-07-30 00:00:00,1591.822,1190.766,1591.324,1264.854,-1.0
2024-07-31 00:00:00,1570.918,1186.835,1591.822,1260.924,-1.0
2024-08-01 00:00:00,1581.308,1183.857,1570.918,1257.945,-1.0
2024-08-02 00:00:00,1549.89,1181.717,1581.308,1255.805,-1.0
2024-08-05 00:00:00,1495.599,1179.278,1549.89,1253.366,-1.0
2024-08-06 00:00:00,1482.867,1173.75,1495.599,1247.838,-1.0
2024-08-07 00:00:00,1490.641,1170.407,1482.867,1244.496,-1.0
2024-08-08 00:00:00,1487.352,1168.954,1490.641,1243.042,-1.0
2024-08-09 00:00:00,1503.921,1167.643,1487.352,1241.732,-1.0
2024-08-12 00:00:00,1514.958,1167.403,1503.921,1241.492,-1.0
2024-08-13 00:00:00,1508.032,1164.158,1514.958,1238.246,-1.0
2024-08-14 00:00:00,1500.333,1160.562,1508.032,1234.65,-1.0
2024-08-16 00:00:00,1510.175,1156.573,1500.333,1230.661,-1.0
2024-08-19 00:00:00,1494.253,1155.963,1510.175,1230.051,-1.0
2024-08-20 00:00:00,1442.429,1160.859,1494.253,1234.948,-1.0
2024-08-21 00:00:00,1451.125,1162.589,1442.429,1236.677,-1.0
2024-08-22 00:00:00,1459.87,1165.894,1451.125,1239.982,-1.0
2024-08-23 00:00:00,1444.223,1170.406,1459.87,1244.494,-1.0
2024-08-26 00:00:00,1469.313,1172.669,1444.223,1246.758,-1.0
2024-08-27 00:00:00,1455.684,1176.586,1469.313,1250.674,-1.0
2024-08-28 00:00:00,1458.674,1177.646,1455.684,1251.734,-1.0
2024-08-29 00:00:00,1456.905,1180.546,1458.674,1254.634,-1.0
2024-08-30 00:00:00,1473.2,1198.769,1456.905,1272.857,-1.0
2024-09-02 00:00:00,1488.4,1214.147,1473.2,1288.235,-1.0
2024-09-03 00:00:00,1495.95,1216.543,1488.4,1290.631,-1.0
2024-09-04 00:00:00,1498.675,1218.86,1495.95,1292.948,-1.0
2024-09-05 00:00:00,1498.125,1223.226,1498.675,1297.314,-1.0
2024-09-06 00:00:00,1499.975,1219.044,1498.125,1293.132,-1.0
2024-09-09 00:00:00,1512.6,1216.358,1499.975,1290.446,-1.0
2024-09-10 00:00:00,1500.45,1213.917,1512.6,1288.005,-1.0
2024-09-11 00:00:00,1498.3,1212.821,1500.45,1286.909,-1.0
2024-09-12 00:00:00,1520.925,1206.053,1498.3,1280.142,-1.0
2024-09-13 00:00:00,1509.625,1195.076,1520.925,1269.165,-1.0
2024-09-16 00:00:00,1516.25,1175.69,1509.625,1249.778,-1.0
2024-09-17 00:00:00,1509.125,1167.939,1516.25,1242.028,-1.0
2024-09-18 00:00:00,1514.55,1161.999,1509.125,1236.087,-1.0
2024-09-19 00:00:00,1492.975,1156.969,1514.55,1231.057,-1.0
2024-09-20 00:00:00,1464.825,1158.703,1492.975,1232.791,-1.0
2024-09-23 00:00:00,1462.45,1169.335,1464.825,1243.424,-1.0
2024-09-24 00:00:00,1461.525,1175.41,1462.45,1249.498,-1.0
2024-09-25 00:00:00,1451.5,1181.897,1461.525,1255.986,-1.0
2024-09-26 00:00:00,1479.8,1188.437,1451.5,1262.525,-1.0
2024-09-27 00:00:00,1472.625,1192.374,1479.8,1266.462,-1.0
2024-09-30 00:00:00,1471.35,1202.422,1472.625,1276.511,-1.0
2024-10-01 00:00:00,1472.3,1208.574,1471.35,1282.663,-1.0
2024-10-03 00:00:00,1463.45,1212.623,1472.3,1286.711,-1.0
2024-10-04 00:00:00,1469.675,1223.828,1463.45,1297.916,-1.0
2024-10-07 00:00:00,1485.925,1231.119,1469.675,1305.207,-1.0
2024-10-08 00:00:00,1493.375,1224.155,1485.925,1298.243,-1.0
2024-10-09 00:00:00,1489.375,1226.251,1493.375,1300.339,-1.0
2024-10-10 00:00:00,1493.95,1216.881,1489.375,1290.969,-1.0
2024-10-11 00:00:00,1497.95,1214.151,1493.95,1288.24,-1.0
2024-10-14 00:00:00,1526.175,1201.526,1497.95,1275.614,-1.0
2024-10-15 00:00:00,1476.575,1190.44,1526.175,1264.528,-1.0
2024-10-16 00:00:00,1464.825,1187.648,1476.575,1261.736,-1.0
2024-10-17 00:00:00,1406.975,1188.152,1464.825,1262.24,-1.0
2024-10-18 00:00:00,1386.525,1176.047,1406.975,1250.136,-1.0
2024-10-21 00:00:00,1370.725,1162.844,1386.525,1236.932,-1.0
2024-10-22 00:00:00,1397.35,1159.799,1370.725,1233.887,-1.0
2024-10-23 00:00:00,1374.6,1156.295,1397.35,1230.383,-1.0
2024-10-24 00:00:00,1371.05,1157.642,1374.6,1231.73,-1.0
2024-10-25 00:00:00,1372.1,1160.838,1371.05,1234.926,-1.0
2024-10-28 00:00:00,1372.525,1165.452,1372.1,1239.54,-1.0
2024-10-29 00:00:00,1344.025,1164.446,1372.525,1238.534,-1.0
2024-10-30 00:00:00,1354.075,1155.819,1344.025,1229.907,-1.0
2024-10-31 00:00:00,1356.425,1154.132,1354.075,1228.22,-1.0
2024-11-01 00:00:00,1359.3,1148.756,1356.425,1222.844,-1.0
2024-11-04 00:00:00,1369.2,1144.342,1359.3,1218.43,-1.0
2024-11-05 00:00:00,1343.35,1140.955,1369.2,1215.043,-1.0
2024-11-06 00:00:00,1338.525,1140.863,1343.35,1214.952,-1.0
2024-11-07 00:00:00,1339.8,1145.754,1338.525,1219.843,-1.0
2024-11-08 00:00:00,1327.85,1137.988,1339.8,1212.076,-1.0
2024-11-11 00:00:00,1334.35,1135.606,1327.85,1209.694,-1.0
2024-11-12 00:00:00,1340.0,1132.752,1334.35,1206.841,-1.0
2024-11-13 00:00:00,1343.9,1129.678,1340.0,1203.766,-1.0
2024-11-14 00:00:00,1332.05,1126.202,1343.9,1200.29,-1.0
2024-11-18 00:00:00,1338.65,1126.716,1332.05,1200.804,-1.0
2024-11-19 00:00:00,1302.15,1127.817,1338.65,1201.905,-1.0
2024-11-21 00:00:00,1305.3,1118.69,1302.15,1192.778,-1.0
2024-11-22 00:00:00,1325.35,1115.652,1305.3,1189.741,-1.0
2024-11-25 00:00:00,1305.65,1116.231,1325.35,1190.32,-1.0
2024-11-26 00:00:00,1283.75,1128.836,1305.65,1202.925,-1.0
2024-11-27 00:00:00,1272.7,1127.949,1283.75,1202.037,-1.0
2024-11-28 00:00:00,1274.25,1130.987,1272.7,1205.075,-1.0
2024-11-29 00:00:00,1252.05,1131.411,1274.25,1205.5,-1.0
2024-12-02 00:00:00,1267.6,1136.577,1252.05,1210.665,0.0
2024-12-03 00:00:00,1260.75,1141.772,1267.6,1215.86,0.0
2024-12-04 00:00:00,1241.65,1147.179,1260.75,1221.267,0.0
2024-12-05 00:00:00,1223.0,1149.947,1241.65,1224.035,0.0
2024-12-06 00:00:00,1265.4,1152.114,1223.0,1226.202,1.0
2024-12-09 00:00:00,1287.0,1148.516,1265.4,1222.605,0.0
2024-12-10 00:00:00,1295.7,1138.801,1287.0,1212.89,-1.0
2024-12-11 00:00:00,1293.2,1140.329,1295.7,1214.417,-1.0
2024-12-12 00:00:00,1270.8,1140.383,1293.2,1214.471,-1.0
2024-12-13 00:00:00,1292.2,1135.964,1270.8,1210.052,0.0
2024-12-16 00:00:00,1309.15,1141.468,1292.2,1215.556,-1.0
2024-12-17 00:00:00,1323.3,1140.882,1309.15,1214.97,-1.0
2024-12-18 00:00:00,1308.95,1134.758,1323.3,1208.846,-1.0
2024-12-19 00:00:00,1322.05,1128.388,1308.95,1202.476,-1.0
2024-12-20 00:00:00,1311.55,1121.92,1322.05,1196.009,-1.0
2024-12-23 00:00:00,1295.15,1121.33,1311.55,1195.418,-1.0
2024-12-24 00:00:00,1284.85,1118.132,1295.15,1192.22,-1.0
2024-12-26 00:00:00,1278.2,1111.73,1284.85,1185.818,-1.0
2024-12-27 00:00:00,1262.9,1107.695,1278.2,1181.783,-1.0
2024-12-30 00:00:00,1272.85,1100.078,1262.9,1174.166,-1.0
2024-12-31 00:00:00,1268.3,1086.496,1272.85,1160.584,-1.0
2025-01-01 00:00:00,1245.3,1083.385,1268.3,1157.474,-1.0
2025-01-02 00:00:00,1253.25,1078.269,1245.3,1152.357,-1.0
2025-01-03 00:00:00,1230.45,1083.329,1253.25,1157.417,-1.0
2025-01-06 00:00:00,1205.3,1087.971,1230.45,1162.059,-1.0
2025-01-07 00:00:00,1222.3,1080.272,1205.3,1154.36,0.0
2025-01-08 00:00:00,1222.75,1085.429,1222.3,1159.517,-1.0
2025-01-09 00:00:00,1216.55,1100.408,1222.75,1174.496,0.0
2025-01-10 00:00:00,1221.05,1104.115,1216.55,1178.204,0.0
2025-01-13 00:00:00,1210.7,1102.972,1221.05,1177.06,0.0
2025-01-14 00:00:00,1215.45,1106.145,1210.7,1180.233,0.0
2025-01-15 00:00:00,1221.25,1109.356,1215.45,1183.444,0.0
2025-01-16 00:00:00,1241.8,1113.993,1221.25,1188.082,0.0
2025-01-17 00:00:00,1251.15,1115.764,1241.8,1189.853,0.0
2025-01-20 00:00:00,1218.0,1119.113,1251.15,1193.201,0.0
2025-01-21 00:00:00,1240.85,1120.473,1218.0,1194.562,0.0
2025-01-22 00:00:00,1265.5,1117.829,1240.85,1191.917,0.0
2025-01-23 00:00:00,1254.75,1112.562,1265.5,1186.65,-1.0
2025-01-24 00:00:00,1241.9,1111.124,1254.75,1185.213,-1.0
2025-01-27 00:00:00,1239.85,1111.629,1241.9,1185.717,0.0
2025-01-28 00:00:00,1238.75,1106.769,1239.85,1180.857,0.0
2025-01-29 00:00:00,1252.2,1103.721,1238.75,1177.809,0.0
2025-01-30 00:00:00,1266.45,1099.459,1252.2,1173.547,-1.0
2025-01-31 00:00:00,1302.35,1095.232,1266.45,1169.32,-1.0
2025-02-01 00:00:00,1305.45,1081.991,1302.35,1156.08,-1.0
2025-02-03 00:00:00,1273.7,1074.628,1305.45,1148.717,-1.0
2025-02-04 00:00:00,1277.1,1068.645,1273.7,1142.733,-1.0
2025-02-05 00:00:00,1263.65,1075.487,1277.1,1149.575,-1.0
2025-02-06 00:00:00,1246.3,1080.547,1263.65,1154.635,-1.0
2025-02-07 00:00:00,1229.35,1083.485,1246.3,1157.574,-1.0
2025-02-10 00:00:00,1234.4,1088.27,1229.35,1162.358,-1.0
2025-02-11 00:00:00,1235.5,1087.124,1234.4,1161.212,-1.0
2025-02-12 00:00:00,1253.05,1084.439,1235.5,1158.527,-1.0
2025-02-13 00:00:00,1265.1,1088.689,1253.05,1162.777,-1.0
2025-02-14 00:00:00,1264.6,1090.867,1265.1,1164.956,-1.0
2025-02-17 00:00:00,1245.9,1092.691,1264.6,1166.779,-1.0
2025-02-18 00:00:00,1285.2,1093.7,1245.9,1167.788,-1.0
2025-02-19 00:00:00,1278.2,1086.832,1285.2,1160.92,-1.0
2025-02-20 00:00:00,1281.55,1082.294,1278.2,1156.382,-1.0
2025-02-21 00:00:00,1266.7,1078.554,1281.55,1152.642,-1.0
2025-02-24 00:00:00,1253.65,1074.408,1266.7,1148.496,-1.0
2025-02-25 00:00:00,1234.85,1071.93,1253.65,1146.019,-1.0
2025-02-27 00:00:00,1216.55,1070.311,1234.85,1144.399,-1.0
